"","...1","case_id","brain_region","age","trem2_all","BBN_ID","Biogen_cohort","sex","diagnosis","apoe_final","Braak","PMD","sample_id","sample_name","trem2","amyloid","AT8","PHF1","pct_pTau_Positive","seq_batch"
"1",2,"PDC016","MTG",91,"CV","BBN_10099","Y","F","Control","E3/E3","2",22,"PDC016-MTG","PDC016_MTG_P3WH10_001","CV",0.585285,0.00649899,0.00168676,0.0465723,"IGFQ001167"
"2",3,"PDC016","SSC",91,"CV","BBN_10099","Y","F","Control","E3/E3","2",22,"PDC016-SSC","PDC016_SSC_P4WA1_001","CV",0.226991,0.00960187,NA,0.0628615,"IGFQ001167"
"3",5,"PDC026","MTG",80,"CV","BBN_10109","Y","F","Control","E2/E3","1TO2",34.2818181818182,"PDC026-MTG","PDC026_MTG_P4WA3_001","CV",0.782684,0.928525,0.678769,1.38761,"IGFQ001167"
"4",6,"PDC026","SSC",80,"CV","BBN_10109","Y","F","Control","E2/E3","1TO2",34.2818181818182,"PDC026-SSC","PDC026_SSC_P4WA4_001","CV",0.059688,0.00193356,NA,0.040833,"IGFQ001167"
"5",8,"A019/12","MTG",92,"CV","BBN_10611","Y","F","AD","E3/E3","3",30,"A019/12-MTG","A019s12_MTG_P2WD10_001","CV",0.307882,0.0131275,0.017976,0.0246659,"IGFQ001167"
"6",9,"A019/12","SSC",92,"CV","BBN_10611","Y","F","AD","E3/E3","3",30,"A019/12-SSC","A019s12_SSC_P2WE1_001","CV",0.530825,0.00562307,0.00824549,0.0347535,"IGFQ001167"
"7",18,"A319/11","MTG",74,"R62H","BBN_13802","Y","M","Control","E3/E3","1",24,"A319/11-MTG","A319s11_MTG_P3WE2_001","TREM2",1.33685,0.0186359,0.00223913,0.081685,"IGFQ001167"
"8",19,"A319/11","SSC",74,"R62H","BBN_13802","Y","M","Control","E3/E3","1",24,"A319/11-SSC","A319s11_SSC_P3WE3_001","TREM2",3.30956,0.00230227,0.0113248,0.00567924,"IGFQ001167"
"9",21,"DPM13/19","MTG",78,"R47H","BBN_14157","N","M","AD","E4/E4","5",84,"DPM13/19-MTG","DPM13s19_MTG_P3WF9_001","TREM2",NA,NA,NA,NA,"IGFQ001404"
"10",22,"DPM13/19","SSC",78,"R47H","BBN_14157","N","M","AD","E4/E4","5",84,"DPM13/19-SSC","DPM13s19_SSC_P3WF10_001","TREM2",NA,NA,NA,NA,"IGFQ001404"
"11",26,"20130400","MTG",65,"CV","BBN_14801","N","F","Control","E3/E3","1",47,"20130400-MTG","20130400_MTG_P1WH9_001","CV",NA,NA,NA,NA,"IGFQ001404"
"12",27,"20130400","SSC",65,"CV","BBN_14801","N","F","Control","E3/E3","1",47,"20130400-SSC","20130400_SSC_P1WH10_001","CV",NA,NA,NA,NA,"IGFQ001404"
"13",29,"A048/13","MTG",94,"R62H","BBN_15196","N","F","AD","E3/E3","5TO6",63,"A048/13-MTG","A048s13_MTG_P2WE9_001","TREM2",NA,NA,NA,NA,"IGFQ001404"
"14",30,"A048/13","SSC",94,"R62H","BBN_15196","N","F","AD","E3/E3","5TO6",63,"A048/13-SSC","A048s13_SSC_P2WE10_001","TREM2",NA,NA,NA,NA,"IGFQ001404"
"15",32,"A064/13","MTG",70,"R62H","BBN_15201","Y","F","AD","E2/E3","5TO6",14.5,"A064/13-MTG","A064s13_MTG_P2WF8_001","TREM2",8.43278,3.56977,2.00154,0.97668,"IGFQ001167"
"16",33,"A064/13","SSC",70,"R62H","BBN_15201","Y","F","AD","E2/E3","5TO6",14.5,"A064/13-SSC","A064s13_SSC_P2WF9_001","TREM2",5.36313,0.884635,0.0175716,0.120697,"IGFQ001167"
"17",36,"A301/10","MTG",80,"R62H","BBN_15304","N","M","Control","E3/E4","1TO2",45,"A301/10-MTG","A301s10_MTG_P3WD9_001","TREM2",NA,NA,NA,NA,"IGFQ001404"
"18",37,"A301/10","SSC",80,"R62H","BBN_15304","N","M","Control","E3/E4","1TO2",45,"A301/10-SSC","A301s10_SSC_P3WD10_001","TREM2",NA,NA,NA,NA,"IGFQ001404"
"19",42,"A127/11","MTG",73,"CV","BBN_16213","Y","M","Control","E3/E3","0",23,"A127/11-MTG","A127s11_MTG_P2WH3_001","CV",0.147259,0.00247153,0.000519246,0.00876194,"IGFQ001167"
"20",43,"A127/11","SSC",73,"CV","BBN_16213","Y","M","Control","E3/E3","0",23,"A127/11-SSC","A127s11_SSC_P2WH4_001","CV",0.289797,0.00180142,0.000260353,0.00412465,"IGFQ001167"
"21",45,"A053/11","MTG",77,"CV","BBN_18399","Y","M","Control","E3/E3","0",11,"A053/11-MTG","A053s11_MTG_P2WF5_001","CV",0.0455756,0.00222531,0.0104638,0.0235101,"IGFQ001167"
"22",46,"A053/11","SSC",77,"CV","BBN_18399","Y","M","Control","E3/E3","0",11,"A053/11-SSC","A053s11_SSC_P2WF6_001","CV",0.3253,0.00416796,0.000569259,0.0299738,"IGFQ001167"
"23",48,"DPM13/42","MTG",89,"R62H","BBN_18791","N","F","Control","E3/E4","1",88,"DPM13/42-MTG","DPM13s42_MTG_P3WG2_001","TREM2",NA,NA,NA,NA,"IGFQ001404"
"24",49,"DPM13/42","SSC",89,"R62H","BBN_18791","N","F","Control","E3/E4","1",88,"DPM13/42-SSC","DPM13s42_SSC_P3WG3_001","TREM2",NA,NA,NA,NA,"IGFQ001404"
"25",54,"20131157","MTG",80,"CV","BBN_19214","N","M","AD","E3/E3","6",28,"20131157-MTG","20131157_MTG_P2WA3_001","CV",NA,NA,NA,NA,"IGFQ001404"
"26",55,"20131157","SSC",80,"CV","BBN_19214","N","M","AD","E3/E3","6",28,"20131157-SSC","20131157_SSC_P2WA4_001","CV",NA,NA,NA,NA,"IGFQ001404"
"27",57,"A051/14","MTG",76,"CV","BBN_21005","Y","F","Control","E3/E4","2",22,"A051/14-MTG","A051s14_MTG_P2WF2_001","CV",0.968392,0.0104129,0.00199654,0.100232,"IGFQ001167"
"28",58,"A051/14","SSC",76,"CV","BBN_21005","Y","F","Control","E3/E5","2",22,"A051/14-SSC","A051s14_SSC_P2WF3_001","CV",0.52919,0.0026243,0.00389991,0.0084194,"IGFQ001167"
"29",60,"A096/14","MTG",87,"CV","BBN_21792","Y","M","AD","E3/E4","4",19,"A096/14-MTG","A096s14_MTG_P2WG7_001","CV",1.27289,0.261593,0.420026,0.635972,"IGFQ001167"
"30",61,"A096/14","SSC",87,"CV","BBN_21792","Y","M","AD","E3/E4","4",19,"A096/14-SSC","A096s14_SSC_P2WG8_001","CV",1.52959,0.0469994,0.00342135,0.189476,"IGFQ001167"
"31",64,"20141901","MTG",80,"CV","BBN_24279","N","F","Control","E3/E3","2",25,"20141901-MTG","20141901_MTG_P2WA6_001","CV",NA,NA,NA,NA,"IGFQ001404"
"32",65,"20141901","SSC",80,"CV","BBN_24279","N","F","Control","E3/E3","2",25,"20141901-SSC","20141901_SSC_P2WA7_001","CV",NA,NA,NA,NA,"IGFQ001404"
"33",67,"BC454/945","MTG",80,"R62H","BBN_24308","N","M","AD","E3/E3","3",50,"BC454/945-MTG","BC454s945_MTG_P3WF6_001","TREM2",NA,NA,NA,NA,"IGFQ001404"
"34",68,"BC454/945","SSC",80,"R62H","BBN_24308","N","M","AD","E3/E3","3",50,"BC454/945-SSC","BC454s945_SSC_P3WF7_001","TREM2",NA,NA,NA,NA,"IGFQ001404"
"35",72,"A282/14","MTG",68,"CV","BBN_24370","Y","F","AD","E3/E3","3",53,"A282/14-MTG","A282s14_MTG_P3WD4_001","CV",0.057729,0.00615395,0.00838922,0.0307314,"IGFQ001167"
"36",73,"A282/14","SSC",68,"CV","BBN_24370","Y","F","AD","E3/E3","3",53,"A282/14-SSC","A282s14_SSC_P3WD5_001","CV",0.329722,0.00197166,0.000509209,0.012008,"IGFQ001167"
"37",75,"A402/14","MTG",83,"CV","BBN_24578","Y","M","AD","E3/E4","3",10,"A402/14-MTG","A402s14_MTG_P3WF1_001","CV",1.13059,0.0230847,0.0103786,0.128414,"IGFQ001167"
"38",76,"A402/14","SSC",83,"CV","BBN_24578","Y","M","AD","E3/E4","3",10,"A402/14-SSC","A402s14_SSC_P3WF2_001","CV",0.717751,0.0108356,1.56112e-05,0.0485598,"IGFQ001167"
"39",77,"19920001","MTG",68,"R62H","BBN_24610","Y","M","AD","E3/E3","6",48,"19920001-MTG","19920001_MTG_P1WA10_001","TREM2",9.17294,0.270995,4.00425,0.0798681,"IGFQ001167"
"40",78,"19920001","SSC",68,"R62H","BBN_24610","Y","M","AD","E3/E3","6",48,"19920001-SSC","19920001_SSC_P1WB1_001","TREM2",NA,NA,NA,NA,"IGFQ001167"
"41",83,"20050033","MTG",75,"R62H","BBN_2625","N","M","AD","E3/E4","5",28,"20050033-MTG","20050033_MTG_P1WF1_001","TREM2",NA,NA,NA,NA,"IGFQ001404"
"42",84,"20050033","SSC",75,"R62H","BBN_2625","N","M","AD","E3/E4","5",28,"20050033-SSC","20050033_SSC_P1WF2_001","TREM2",NA,NA,NA,NA,"IGFQ001404"
"43",86,"A248/10","MTG",94,"R62H","BBN_4186","N","F","AD","N/A","6",50,"A248/10-MTG","A248s10_MTG_P3WC2_001","TREM2",NA,NA,NA,NA,"IGFQ001404"
"44",87,"A248/10","SSC",94,"R62H","BBN_4186","N","F","AD","N/A","6",50,"A248/10-SSC","A248s10_SSC_P3WC3_001","TREM2",NA,NA,NA,NA,"IGFQ001404"
"45",89,"A153/12","MTG",80,"R62H","BBN_4250","N","F","AD","E3/E3","5",72,"A153/12-MTG","A153s12_MTG_P2WH8_001","TREM2",NA,NA,NA,NA,"IGFQ001404"
"46",90,"A153/12","SSC",80,"R62H","BBN_4250","N","F","AD","E3/E3","5",72,"A153/12-SSC","A153s12_SSC_P2WH9_001","TREM2",NA,NA,NA,NA,"IGFQ001404"
"47",97,"20050102","MTG",72,"CV","BBN_7115","N","M","Control","E3/E3","1",17,"20050102-MTG","20050102_MTG_P1WF4_001","CV",NA,NA,NA,NA,"IGFQ001404"
"48",98,"20050102","SSC",72,"CV","BBN_7115","N","M","Control","E3/E3","1",17,"20050102-SSC","20050102_SSC_P1WF5_001","CV",NA,NA,NA,NA,"IGFQ001404"
"49",100,"20030099","MTG",89,"R62H","BBN_7333","N","F","AD","E3/E3","4",49,"20030099-MTG","20030099_MTG_P1WE8_001","TREM2",NA,NA,NA,NA,"IGFQ001404"
"50",101,"20030099","SSC",89,"R62H","BBN_7333","N","F","AD","E3/E3","4",49,"20030099-SSC","20030099_SSC_P1WE9_001","TREM2",NA,NA,NA,NA,"IGFQ001404"
"51",103,"20060093","MTG",78,"CV","BBN_7403","N","F","Control","N/A","2",23,"20060093-MTG","20060093_MTG_P1WF7_001","CV",NA,NA,NA,NA,"IGFQ001404"
"52",104,"20060093","SSC",78,"CV","BBN_7403","N","F","Control","N/A","2",23,"20060093-SSC","20060093_SSC_P1WF8_001","CV",NA,NA,NA,NA,"IGFQ001404"
"53",106,"20060099","MTG",89,"CV","BBN_7404","N","F","Control","N/A","2",24,"20060099-MTG","20060099_MTG_P1WF10_001","CV",NA,NA,NA,NA,"IGFQ001404"
"54",107,"20060099","SSC",89,"CV","BBN_7404","N","F","Control","N/A","2",24,"20060099-SSC","20060099_SSC_P1WG1_001","CV",NA,NA,NA,NA,"IGFQ001404"
"55",113,"20110272","MTG",78,"CV","BBN_7545","N","F","Control","N/A","0",34,"20110272-MTG","20110272_MTG_P1WG7_001","CV",NA,NA,NA,NA,"IGFQ001404"
"56",114,"20110272","SSC",78,"CV","BBN_7545","N","F","Control","N/A","0",34,"20110272-SSC","20110272_SSC_P1WG8_001","CV",NA,NA,NA,NA,"IGFQ001404"
"57",116,"20110476","MTG",65,"R62H","BBN_7554","N","M","Control","E3/E3","0",22,"20110476-MTG","20110476_MTG_P1WG10_001","TREM2",NA,NA,NA,NA,"IGFQ001404"
"58",117,"20110476","SSC",65,"R62H","BBN_7554","N","M","Control","E3/E3","0",22,"20110476-SSC","20110476_SSC_P1WH1_001","TREM2",NA,NA,NA,NA,"IGFQ001404"
"59",124,"A187/96","MTG",82,"R62H","BBN_9601","N","M","AD","E3/E4","N/A",72,"A187/96-MTG","A187s96a_MTG_P3WB4_001","TREM2",NA,NA,NA,NA,"IGFQ001404"
"60",125,"A187/96","SSC",82,"R62H","BBN_9601","N","M","AD","E3/E4","N/A",72,"A187/96-SSC","A187s96a_SSC_P3WB5_001","TREM2",NA,NA,NA,NA,"IGFQ001404"
"61",130,"A013/03","MTG",89,"R47H","BBN_9727","Y","M","AD","E2/E3","5",18,"A013/03-MTG","A013s03_MTG_P2WD7_001","TREM2",NA,NA,NA,NA,"IGFQ001404"
"62",131,"A013/03","SSC",89,"R47H","BBN_9727","Y","M","AD","E2/E3","5",18,"A013/03-SSC","A013s03_SSC_P2WD8_001","TREM2",NA,NA,NA,NA,"IGFQ001404"
"63",133,"A029/04","MTG",88,"R62H","BBN_9760","N","F","AD","E2/E3","N/A",70,"A029/04-MTG","A029s04_MTG_P2WE6_001","TREM2",NA,NA,NA,NA,"IGFQ001404"
"64",134,"A029/04","SSC",88,"R62H","BBN_9760","N","F","AD","E2/E3","N/A",70,"A029/04-SSC","A029s04_SSC_P2WE7_001","TREM2",NA,NA,NA,NA,"IGFQ001404"
"65",136,"A166/04","MTG",43,"R47H","BBN_9779","Y","M","AD","E3/E4","N/A",27,"A166/04-MTG","A166s04_MTG_P3WA7_001","TREM2",13.0385,0.752215,0.841037,0.151545,"IGFQ001167"
"66",137,"A166/04","SSC",43,"R47H","BBN_9779","Y","M","AD","E3/E4","N/A",27,"A166/04-SSC","A166s04_SSC_P3WA8_001","TREM2",NA,NA,NA,NA,"IGFQ001167"
"67",139,"A074/05","MTG",89,"R62H","BBN_9786","Y","F","AD","E3/E3","5TO6",28,"A074/05-MTG","A074s05a_MTG_P2WG4_001","TREM2",9.23854,1.24665,2.23531,0.449949,"IGFQ001167"
"68",140,"A074/05","SSC",89,"R62H","BBN_9786","Y","F","AD","E3/E3","5TO6",28,"A074/05-SSC","A074s05a_SSC_P2WG5_001","TREM2",4.81901,0.616377,0.0187793,0.0114639,"IGFQ001167"
"69",142,"A210/05","MTG",84,"R62H","BBN_9796","Y","F","AD","E4/E4","5",24,"A210/05-MTG","A210s05a_MTG_P3WB7_001","TREM2",4.88597,0.166273,1.28371,0.138838,"IGFQ001167"
"70",143,"A210/05","SSC",84,"R62H","BBN_9796","Y","F","AD","E4/E4","5",24,"A210/05-SSC","A210s05a_SSC_P3WB8_001","TREM2",4.75318,0.979185,0.0200325,0.170768,"IGFQ001167"
"71",147,"A329/10","MTG",83,"R62H","BBN_9944","N","F","AD","E3/E4","5",53,"A329/10-MTG","A329s10_MTG_P3WE5_001","TREM2",NA,NA,NA,NA,"IGFQ001404"
"72",148,"A329/10","SSC",83,"R62H","BBN_9944","N","F","AD","E3/E4","5",53,"A329/10-SSC","A329s10_SSC_P3WE6_001","TREM2",NA,NA,NA,NA,"IGFQ001404"
"73",152,"A253/12","MTG",83,"R62H","BBN_9980","N","F","AD","E3/E4","6",58,"A253/12-MTG","A253s12_MTG_P3WC4_001","TREM2",NA,NA,NA,NA,"IGFQ001404"
"74",153,"A253/12","SSC",83,"R62H","BBN_9980","N","F","AD","E3/E4","6",58,"A253/12-SSC","A253s12_SSC_P3WC6_001","TREM2",NA,NA,NA,NA,"IGFQ001404"
"75",155,"A277/12","MTG",79,"CV","BBN_9984","Y","F","AD","E3/E4","6",20,"A277/12-MTG","A277s12_MTG_P3WD1_001","CV",3.00515,8.73755,3.56551,7.95996,"IGFQ001167"
"76",156,"A277/12","SSC",79,"CV","BBN_9984","Y","F","AD","E3/E4","6",20,"A277/12-SSC","A277s12_SSC_P3WD2_001","CV",3.65359,1.65894,0.0680173,1.56659,"IGFQ001167"
"77",158,"A272/15","MTG",90,"CV","BBN002.26094","Y","F","AD","E3/E4","6",10,"A272/15-MTG","A272s15_MTG_P3WC8_001","CV",0.709822,0.624185,1.92443,0.719736,"IGFQ001167"
"78",159,"A272/15","SSC",90,"CV","BBN002.26094","Y","F","AD","E3/E4","6",10,"A272/15-SSC","A272s15_SSC_P3WC9_001","CV",2.90008,4.97012,0.415826,5.0213,"IGFQ001167"
"79",163,"A354/16","MTG",92,"CV","BBN002.29170","Y","F","Control","E3/E3","2",12,"A354/16-MTG","A354s16_MTG_P3WE8_001","CV",0.213657,0.0534785,0.0762343,0.117497,"IGFQ001167"
"80",164,"A354/16","SSC",92,"CV","BBN002.29170","Y","F","Control","E3/E3","2",12,"A354/16-SSC","A354s16_SSC_P3WE9_001","CV",0.58357,0.00823401,0.000737245,0.0508475,"IGFQ001167"
"81",166,"A115/17","MTG",92,"CV","BBN002.30035","Y","M","Control","E3/E3","0",9,"A115/17-MTG","A115s17_MTG_P2WG10_001","CV",0.180549,0.0256913,0.0171393,0.144967,"IGFQ001167"
"82",167,"A115/17","SSC",92,"CV","BBN002.30035","Y","M","Control","E3/E3","0",9,"A115/17-SSC","A115s17_SSC_P2WH1_001","CV",0.343451,0.00553998,0.00121131,0.0426309,"IGFQ001167"
"83",169,"A163/17","MTG",83,"CV","BBN002.30127","Y","M","AD","E3/E3","5",19.5,"A163/17-MTG","A163s17_MTG_P3WA4_001","CV",1.26835,2.71482,2.65946,5.10687,"IGFQ001167"
"84",170,"A163/17","SSC",83,"CV","BBN002.30127","Y","M","AD","E3/E3","5",19.5,"A163/17-SSC","A163s17_SSC_P3WA5_001","CV",0.357876,0.0705151,0.0105151,0.0894319,"IGFQ001167"
"85",172,"19950136","MTG",87,"CV","BBN003.26332","N","F","AD","E3/E3","5",10,"19950136-MTG","19950136_MTG_P1WD4_001","CV",NA,NA,NA,NA,"IGFQ001404"
"86",173,"19950136","SSC",87,"CV","BBN003.26332","N","F","AD","E3/E3","5",10,"19950136-SSC","19950136_SSC_P1WD5_001","CV",NA,NA,NA,NA,"IGFQ001404"
"87",175,"19960052","MTG",88,"CV","BBN003.26333","N","F","AD","E3/E3","N/A",9,"19960052-MTG","19960052_MTG_P1WD7_001","CV",NA,NA,NA,NA,"IGFQ001404"
"88",176,"19960052","SSC",88,"CV","BBN003.26333","N","F","AD","E3/E3","N/A",9,"19960052-SSC","19960052_SSC_P1WD8_001","CV",NA,NA,NA,NA,"IGFQ001404"
"89",181,"20150975","MTG",79,"CV","BBN003.26951","N","M","Control","E3/E4","2",39,"20150975-MTG","20150975_MTG_P2WB2_001","CV",NA,NA,NA,NA,"IGFQ001404"
"90",182,"20150975","SSC",79,"CV","BBN003.26951","N","M","Control","E3/E4","2",39,"20150975-SSC","20150975_SSC_P2WB3_001","CV",NA,NA,NA,NA,"IGFQ001404"
"91",184,"20152915","MTG",84,"CV","BBN003.28342","N","M","Control","E3/E3","2",45,"20152915-MTG","20152915_MTG_P2WB5_001","CV",NA,NA,NA,NA,"IGFQ001404"
"92",185,"20152915","SSC",84,"CV","BBN003.28342","N","M","Control","E3/E3","2",45,"20152915-SSC","20152915_SSC_P2WB6_001","CV",NA,NA,NA,NA,"IGFQ001404"
"93",187,"20174902","MTG",94,"R62H","BBN003.29735","N","F","AD","E4/E4","6",31,"20174902-MTG","20174902_MTG_P2WB8_001","TREM2",NA,NA,NA,NA,"IGFQ001404"
"94",188,"20174902","SSC",94,"R62H","BBN003.29735","N","F","AD","E4/E4","6",31,"20174902-SSC","20174902_SSC_P2WB9_001","TREM2",NA,NA,NA,NA,"IGFQ001404"
"95",190,"19891053","MTG",77,"R62H","BBN003.32184","Y","M","AD","E3/E3","5",43,"19891053-MTG","19891053_MTG_P1WA2_001","TREM2",9.0564,2.27074,2.01327,0.140415,"IGFQ001167"
"96",191,"19891053","SSC",77,"R62H","BBN003.32184","Y","M","AD","E3/E3","5",43,"19891053-SSC","19891053_SSC_P1WA3_001","TREM2",NA,NA,NA,NA,"IGFQ001167"
"97",204,"19920194","MTG",72,"R47H","BBN003.32211","Y","M","AD","E3/E3","5TO6",15,"19920194-MTG","19920194_MTG_P1WB8_001","TREM2",4.56054,4.02393,0.964769,1.80831,"IGFQ001167"
"98",205,"19920194","SSC",72,"R47H","BBN003.32211","Y","M","AD","E3/E3","5TO6",15,"19920194-SSC","19920194_SSC_P1WB9_001","TREM2",3.21227,0.106498,2.04714,0.0754847,"IGFQ001167"
"99",207,"19920200","MTG",64,"CV","BBN003.32212","Y","M","AD","E3/E4","5TO6",10,"19920200-MTG","19920200_MTG_P1WC1_001","CV",6.06789,1.90169,1.74638,0.52282,"IGFQ001167"
"100",208,"19920200","SSC",64,"CV","BBN003.32212","Y","M","AD","E3/E4","5TO6",10,"19920200-SSC","19920200_SSC_P1WC2_001","CV",10.1522,9.00469,0.701567,5.40609,"IGFQ001167"
"101",216,"19950030","MTG",62,"R62H","BBN003.32247","Y","M","AD","E3/E3","5TO6",48,"19950030-MTG","19950030_MTG_P1WD1_001","TREM2",6.18866,0.0223233,2.14582,0.123874,"IGFQ001167"
"102",217,"19950030","SSC",62,"R62H","BBN003.32247","Y","M","AD","E3/E3","5TO6",48,"19950030-SSC","19950030_SSC_P1WD2_001","TREM2",5.00663,2.04887,0.220907,0.260249,"IGFQ001167"
"103",222,"19980098","MTG",75,"CV","BBN003.32295","N","F","Control","N/A","2",27,"19980098-MTG","19980098_MTG_P1WE3_001","CV",NA,NA,NA,NA,"IGFQ001404"
"104",223,"19980098","SSC",75,"CV","BBN003.32295","N","F","Control","N/A","2",27,"19980098-SSC","19980098_SSC_P1WE4_001","CV",NA,NA,NA,NA,"IGFQ001404"
"105",228,"20185945","MTG",87,"CV","BBN003.34161","N","M","Control","N/A","2",46,"20185945-MTG","20185945_MTG_P2WC6_001","CV",NA,NA,NA,NA,"IGFQ001404"
"106",229,"20185945","SSC",87,"CV","BBN003.34161","N","M","Control","N/A","2",46,"20185945-SSC","20185945_SSC_P2WC7_001","CV",NA,NA,NA,NA,"IGFQ001404"
"107",235,"DPM16/44","MTG",94,"R62H","BBN005.29520","Y","M","Control","E3/E3","2",36.5,"DPM16/44-MTG","DPM16s44_MTG_P3WG5_001","TREM2",2.61169,0.0139649,0.0133537,0.0168826,"IGFQ001167"
"108",236,"DPM16/44","SSC",94,"R62H","BBN005.29520","Y","M","Control","E3/E3","2",36.5,"DPM16/44-SSC","DPM16s44_SSC_P3WG6_001","TREM2",1.67133,0.00799426,0.00141976,0.0635825,"IGFQ001167"
"109",241,"20196919","MTG",82,"CV","BBN003.35446","Y","F","Control",NA,"2",42,"20196919-MTG","20196919_MTG_P2WD1_001","CV",NA,NA,NA,NA,"IGFQ001404"
"110",242,"20196919","SSC",82,"CV","BBN003.35446","Y","F","Control",NA,"2",42,"20196919-SSC","20196919_SSC_P2WD2_001","CV",NA,NA,NA,NA,"IGFQ001404"
"111",244,"20196928","MTG",77,"CV","BBN003.35520","Y","M","AD","E3/E4","6",38,"20196928-MTG","20196928_MTG_P2WD4_001","CV",NA,NA,NA,NA,"IGFQ001404"
"112",245,"20196928","SSC",77,"CV","BBN003.35521","Y","M","AD","E3/E5","6",38,"20196928-SSC","20196928_SSC_P2WD5_001","CV",NA,NA,NA,NA,"IGFQ001404"
